file,kicad_netlist_file,group_netlist_file,csv_file,code_file,sym_count_in_root_sheet,annotated_symbols_in_root_sheet,comp_count,net_count,average_pins_per_group,groups,nets,nets_with_multiple_nodes,csv_lines,kicad-cli,kicad_group_netlister,code_gen,netlist_to_csv,test_case
./TFGPS01/hw/sch_pcb/TFGPS01.kicad_sch,./TFGPS01/hw/sch_pcb/TFGPS01.kicad_sch_kicad_netlist.xml,./TFGPS01/hw/sch_pcb/TFGPS01.kicad_sch_group_netlist.xml,./TFGPS01/hw/sch_pcb/TFGPS01.kicad_sch_spreadsheet.csv,./TFGPS01/hw/sch_pcb/TFGPS01.kicad_sch_code.h,126,21,75,67,4.8,5,19,4,25,0.17744558469858,0.00298858925234526,0.00292360075400211,0.0013294885517098,1
./echo-debug-gen3/Echo.kicad_sch,./echo-debug-gen3/Echo.kicad_sch_kicad_netlist.xml,./echo-debug-gen3/Echo.kicad_sch_group_netlist.xml,./echo-debug-gen3/Echo.kicad_sch_spreadsheet.csv,./echo-debug-gen3/Echo.kicad_sch_code.h,22,3,10,9,1,1,1,0,2,0.155469336296665,0.000748003396438435,0.00228108155424707,0.000558182795066387,1
./Driverino-Shield/PCB/Driverino-Shield.kicad_sch,./Driverino-Shield/PCB/Driverino-Shield.kicad_sch_kicad_netlist.xml,./Driverino-Shield/PCB/Driverino-Shield.kicad_sch_group_netlist.xml,./Driverino-Shield/PCB/Driverino-Shield.kicad_sch_spreadsheet.csv,./Driverino-Shield/PCB/Driverino-Shield.kicad_sch_code.h,89,15,56,65,13.4,5,44,14,68,0.173659383301856,0.00329512860043906,0.00547333199647255,0.00204594240058213,1
./usbarmory/hardware/mark-two-lan/power.kicad_sch,./usbarmory/hardware/mark-two-lan/power.kicad_sch_kicad_netlist.xml,./usbarmory/hardware/mark-two-lan/power.kicad_sch_group_netlist.xml,./usbarmory/hardware/mark-two-lan/power.kicad_sch_spreadsheet.csv,./usbarmory/hardware/mark-two-lan/power.kicad_sch_code.h,30,5,20,8,3,2,4,1,7,0.166428639949299,0.00252764499746263,0.00226905119488947,0.000662931200349704,1
./usbarmory/hardware/mark-two-lan/secure-element.kicad_sch,./usbarmory/hardware/mark-two-lan/secure-element.kicad_sch_kicad_netlist.xml,./usbarmory/hardware/mark-two-lan/secure-element.kicad_sch_group_netlist.xml,./usbarmory/hardware/mark-two-lan/secure-element.kicad_sch_spreadsheet.csv,./usbarmory/hardware/mark-two-lan/secure-element.kicad_sch_code.h,10,1,5,5,2,1,2,0,3,0.155865799449384,0.000765033654170111,0.00217009955085814,0.000530295452335849,1
./usbarmory/hardware/mark-two-lan/boot.kicad_sch,./usbarmory/hardware/mark-two-lan/boot.kicad_sch_kicad_netlist.xml,./usbarmory/hardware/mark-two-lan/boot.kicad_sch_group_netlist.xml,./usbarmory/hardware/mark-two-lan/boot.kicad_sch_spreadsheet.csv,./usbarmory/hardware/mark-two-lan/boot.kicad_sch_code.h,10,1,7,6,2,1,2,0,3,0.16081800275133,0.000944242195691913,0.00229285000241362,0.000547603802988306,1
./usbarmory/hardware/mark-two-lan/armory.kicad_sch,./usbarmory/hardware/mark-two-lan/armory.kicad_sch_kicad_netlist.xml,./usbarmory/hardware/mark-two-lan/armory.kicad_sch_group_netlist.xml,./usbarmory/hardware/mark-two-lan/armory.kicad_sch_spreadsheet.csv,./usbarmory/hardware/mark-two-lan/armory.kicad_sch_code.h,0,0,205,406,3.65217391304348,23,46,8,85,0.347419473651098,0.0107888714468572,0.00595606375136413,0.00276863055187278,1
./usbarmory/hardware/mark-two-lan/usb.kicad_sch,./usbarmory/hardware/mark-two-lan/usb.kicad_sch_kicad_netlist.xml,./usbarmory/hardware/mark-two-lan/usb.kicad_sch_group_netlist.xml,./usbarmory/hardware/mark-two-lan/usb.kicad_sch_spreadsheet.csv,./usbarmory/hardware/mark-two-lan/usb.kicad_sch_code.h,37,6,19,14,2,1,2,0,3,0.169441411248408,0.00145079930080101,0.00249420159962028,0.000549181347014382,1
./usbarmory/hardware/mark-two-lan/misc.kicad_sch,./usbarmory/hardware/mark-two-lan/misc.kicad_sch_kicad_netlist.xml,./usbarmory/hardware/mark-two-lan/misc.kicad_sch_group_netlist.xml,./usbarmory/hardware/mark-two-lan/misc.kicad_sch_spreadsheet.csv,./usbarmory/hardware/mark-two-lan/misc.kicad_sch_code.h,19,3,12,11,1.66666666666667,3,4,1,6,0.163247711048462,0.00132008100044914,0.00288179304916412,0.000584543950390071,1
./usbarmory/hardware/mark-two-lan/ethernet.kicad_sch,./usbarmory/hardware/mark-two-lan/ethernet.kicad_sch_kicad_netlist.xml,./usbarmory/hardware/mark-two-lan/ethernet.kicad_sch_group_netlist.xml,./usbarmory/hardware/mark-two-lan/ethernet.kicad_sch_spreadsheet.csv,./usbarmory/hardware/mark-two-lan/ethernet.kicad_sch_code.h,63,10,47,26,9.66666666666667,3,21,4,30,0.178640596795594,0.00271706929779612,0.00416728749987669,0.00114566050469875,1
./usbarmory/hardware/mark-two-lan/pmic.kicad_sch,./usbarmory/hardware/mark-two-lan/pmic.kicad_sch_kicad_netlist.xml,./usbarmory/hardware/mark-two-lan/pmic.kicad_sch_group_netlist.xml,./usbarmory/hardware/mark-two-lan/pmic.kicad_sch_spreadsheet.csv,./usbarmory/hardware/mark-two-lan/pmic.kicad_sch_code.h,56,9,31,17,5.5,2,6,2,12,0.157726113247918,0.0017598350008484,0.00320772860432044,0.000816669646883383,1
./usbarmory/hardware/mark-two-lan/ddr.kicad_sch,./usbarmory/hardware/mark-two-lan/ddr.kicad_sch_kicad_netlist.xml,./usbarmory/hardware/mark-two-lan/ddr.kicad_sch_group_netlist.xml,./usbarmory/hardware/mark-two-lan/ddr.kicad_sch_spreadsheet.csv,./usbarmory/hardware/mark-two-lan/ddr.kicad_sch_code.h,38,6,28,56,2,3,3,2,7,0.185186432150658,0.00195838839863427,0.00249841340119019,0.000611033348832279,1
./usbarmory/hardware/mark-two-lan/crystals.kicad_sch,./usbarmory/hardware/mark-two-lan/crystals.kicad_sch_kicad_netlist.xml,./usbarmory/hardware/mark-two-lan/crystals.kicad_sch_group_netlist.xml,./usbarmory/hardware/mark-two-lan/crystals.kicad_sch_spreadsheet.csv,./usbarmory/hardware/mark-two-lan/crystals.kicad_sch_code.h,29,4,22,17,2.25,4,6,1,10,0.165781225153478,0.00186206164653413,0.00314104779972695,0.000752163300057873,1
./usbarmory/hardware/mark-two-lan/emmc.kicad_sch,./usbarmory/hardware/mark-two-lan/emmc.kicad_sch_kicad_netlist.xml,./usbarmory/hardware/mark-two-lan/emmc.kicad_sch_group_netlist.xml,./usbarmory/hardware/mark-two-lan/emmc.kicad_sch_spreadsheet.csv,./usbarmory/hardware/mark-two-lan/emmc.kicad_sch_code.h,28,4,21,16,3,2,4,2,7,0.177007998799672,0.00172726830351166,0.00247679870226421,0.00063061315449886,1
./usbarmory/hardware/mark-two-lan/power-tree.kicad_sch,./usbarmory/hardware/mark-two-lan/power-tree.kicad_sch_kicad_netlist.xml,./usbarmory/hardware/mark-two-lan/power-tree.kicad_sch_group_netlist.xml,./usbarmory/hardware/mark-two-lan/power-tree.kicad_sch_spreadsheet.csv,./usbarmory/hardware/mark-two-lan/power-tree.kicad_sch_code.h,0,0,0,0,,0,0,0,1,0.148182093148353,0.000281303096562624,0.00219614105299115,0.000424145552096888,1
./SmartPrintCoreH7x/SmartPrintCoreH7x/power_control.kicad_sch,./SmartPrintCoreH7x/SmartPrintCoreH7x/power_control.kicad_sch_kicad_netlist.xml,./SmartPrintCoreH7x/SmartPrintCoreH7x/power_control.kicad_sch_group_netlist.xml,./SmartPrintCoreH7x/SmartPrintCoreH7x/power_control.kicad_sch_spreadsheet.csv,./SmartPrintCoreH7x/SmartPrintCoreH7x/power_control.kicad_sch_code.h,77,13,59,29,2,7,10,3,15,0.16969272014685,0.00246559605002403,0.00293482415145263,0.000890543946297839,1
./SmartPrintCoreH7x/SmartPrintCoreH7x/Storage.kicad_sch,./SmartPrintCoreH7x/SmartPrintCoreH7x/Storage.kicad_sch_kicad_netlist.xml,./SmartPrintCoreH7x/SmartPrintCoreH7x/Storage.kicad_sch_group_netlist.xml,./SmartPrintCoreH7x/SmartPrintCoreH7x/Storage.kicad_sch_spreadsheet.csv,./SmartPrintCoreH7x/SmartPrintCoreH7x/Storage.kicad_sch_code.h,19,3,14,16,2.5,2,3,1,6,0.162758924951777,0.00123751010396518,0.00236175645259209,0.000608825404196978,1
./SmartPrintCoreH7x/SmartPrintCoreH7x/SmartPrintCoreH7x.kicad_sch,./SmartPrintCoreH7x/SmartPrintCoreH7x/SmartPrintCoreH7x.kicad_sch_kicad_netlist.xml,./SmartPrintCoreH7x/SmartPrintCoreH7x/SmartPrintCoreH7x.kicad_sch_group_netlist.xml,./SmartPrintCoreH7x/SmartPrintCoreH7x/SmartPrintCoreH7x.kicad_sch_spreadsheet.csv,./SmartPrintCoreH7x/SmartPrintCoreH7x/SmartPrintCoreH7x.kicad_sch_code.h,84,14,565,416,6.91176470588235,34,139,31,236,0.391447454399895,0.0200973207480274,0.013870691601187,0.00610680294921622,1
./SmartPrintCoreH7x/SmartPrintCoreH7x/power_and_translators.kicad_sch,./SmartPrintCoreH7x/SmartPrintCoreH7x/power_and_translators.kicad_sch_kicad_netlist.xml,./SmartPrintCoreH7x/SmartPrintCoreH7x/power_and_translators.kicad_sch_group_netlist.xml,./SmartPrintCoreH7x/SmartPrintCoreH7x/power_and_translators.kicad_sch_spreadsheet.csv,./SmartPrintCoreH7x/SmartPrintCoreH7x/power_and_translators.kicad_sch_code.h,290,49,206,75,6,8,16,7,49,0.227019915351411,0.00677474809926935,0.00457229309831746,0.00174516714760102,1
./SmartPrintCoreH7x/SmartPrintCoreH7x/Ports.kicad_sch,./SmartPrintCoreH7x/SmartPrintCoreH7x/Ports.kicad_sch_kicad_netlist.xml,./SmartPrintCoreH7x/SmartPrintCoreH7x/Ports.kicad_sch_group_netlist.xml,./SmartPrintCoreH7x/SmartPrintCoreH7x/Ports.kicad_sch_spreadsheet.csv,./SmartPrintCoreH7x/SmartPrintCoreH7x/Ports.kicad_sch_code.h,252,42,161,90,4.57142857142857,7,20,2,33,0.200677357503446,0.0050942178000696,0.00344354145345278,0.00143648459925316,1
./SmartPrintCoreH7x/SmartPrintCoreH7x/motors.kicad_sch,./SmartPrintCoreH7x/SmartPrintCoreH7x/motors.kicad_sch_kicad_netlist.xml,./SmartPrintCoreH7x/SmartPrintCoreH7x/motors.kicad_sch_group_netlist.xml,./SmartPrintCoreH7x/SmartPrintCoreH7x/motors.kicad_sch_spreadsheet.csv,./SmartPrintCoreH7x/SmartPrintCoreH7x/motors.kicad_sch_code.h,130,22,75,50,4.125,8,16,9,34,0.186798590549734,0.00368237434886396,0.00338114780024625,0.00136941390228458,1
./satnogs-comms-hardware/MCU.kicad_sch,./satnogs-comms-hardware/MCU.kicad_sch_kicad_netlist.xml,./satnogs-comms-hardware/MCU.kicad_sch_group_netlist.xml,./satnogs-comms-hardware/MCU.kicad_sch_spreadsheet.csv,./satnogs-comms-hardware/MCU.kicad_sch_code.h,87,14,53,104,16.1428571428571,7,89,4,114,0.179351687652525,0.00492516534868628,0.00964546229806729,0.00315116749843583,1
./satnogs-comms-hardware/main_psu.kicad_sch,./satnogs-comms-hardware/main_psu.kicad_sch_kicad_netlist.xml,./satnogs-comms-hardware/main_psu.kicad_sch_group_netlist.xml,./satnogs-comms-hardware/main_psu.kicad_sch_spreadsheet.csv,./satnogs-comms-hardware/main_psu.kicad_sch_code.h,159,27,98,26,3.5,8,14,4,29,0.187255798850674,0.00397220635204576,0.00357034730259329,0.00116340649547055,1
./satnogs-comms-hardware/CAN.kicad_sch,./satnogs-comms-hardware/CAN.kicad_sch_kicad_netlist.xml,./satnogs-comms-hardware/CAN.kicad_sch_group_netlist.xml,./satnogs-comms-hardware/CAN.kicad_sch_spreadsheet.csv,./satnogs-comms-hardware/CAN.kicad_sch_code.h,12,2,8,12,7,2,12,2,15,0.157849348004675,0.00111440754844807,0.00290709275286645,0.000839806400472298,1
./satnogs-comms-hardware/RF.kicad_sch,./satnogs-comms-hardware/RF.kicad_sch_kicad_netlist.xml,./satnogs-comms-hardware/RF.kicad_sch_group_netlist.xml,./satnogs-comms-hardware/RF.kicad_sch_spreadsheet.csv,./satnogs-comms-hardware/RF.kicad_sch_code.h,134,22,312,106,7.28,25,48,15,183,0.284948229748989,0.0121723056014162,0.047405409096973,0.00806057834997773,1
./satnogs-comms-hardware/FPGA.kicad_sch,./satnogs-comms-hardware/FPGA.kicad_sch_kicad_netlist.xml,./satnogs-comms-hardware/FPGA.kicad_sch_group_netlist.xml,./satnogs-comms-hardware/FPGA.kicad_sch_spreadsheet.csv,./satnogs-comms-hardware/FPGA.kicad_sch_code.h,53,9,30,64,4.25,4,13,2,18,0.189459791552508,0.00223120275186375,0.00320823165238835,0.00117314100498334,1
./satnogs-comms-hardware/mixer.kicad_sch,./satnogs-comms-hardware/mixer.kicad_sch_kicad_netlist.xml,./satnogs-comms-hardware/mixer.kicad_sch_group_netlist.xml,./satnogs-comms-hardware/mixer.kicad_sch_spreadsheet.csv,./satnogs-comms-hardware/mixer.kicad_sch_code.h,62,10,41,32,2.8,5,8,3,15,0.163043824047782,0.00187234315089881,0.00299950879998505,0.000813274551182985,1
./satnogs-comms-hardware/sensors.kicad_sch,./satnogs-comms-hardware/sensors.kicad_sch_kicad_netlist.xml,./satnogs-comms-hardware/sensors.kicad_sch_group_netlist.xml,./satnogs-comms-hardware/sensors.kicad_sch_spreadsheet.csv,./satnogs-comms-hardware/sensors.kicad_sch_code.h,27,4,21,12,3.5,2,7,0,8,0.158592455252074,0.00115807625115849,0.00353737535187975,0.000641455251025036,1
./satnogs-comms-hardware/uhf-frontend.kicad_sch,./satnogs-comms-hardware/uhf-frontend.kicad_sch_kicad_netlist.xml,./satnogs-comms-hardware/uhf-frontend.kicad_sch_group_netlist.xml,./satnogs-comms-hardware/uhf-frontend.kicad_sch_spreadsheet.csv,./satnogs-comms-hardware/uhf-frontend.kicad_sch_code.h,143,24,94,20,10.7142857142857,7,10,7,76,0.187260170601076,0.00424930640147068,0.0178214840532746,0.00279322525020689,1
./satnogs-comms-hardware/satnogs-comms.kicad_sch,./satnogs-comms-hardware/satnogs-comms.kicad_sch_kicad_netlist.xml,./satnogs-comms-hardware/satnogs-comms.kicad_sch_group_netlist.xml,./satnogs-comms-hardware/satnogs-comms.kicad_sch_spreadsheet.csv,./satnogs-comms-hardware/satnogs-comms.kicad_sch_code.h,102,17,577,703,8.85454545454546,55,250,60,488,0.481660632946296,0.028592195850797,0.109127141849604,0.0184051513031591,1
./satnogs-comms-hardware/sband-frontend.kicad_sch,./satnogs-comms-hardware/sband-frontend.kicad_sch_kicad_netlist.xml,./satnogs-comms-hardware/sband-frontend.kicad_sch_group_netlist.xml,./satnogs-comms-hardware/sband-frontend.kicad_sch_spreadsheet.csv,./satnogs-comms-hardware/sband-frontend.kicad_sch_code.h,144,24,90,20,5.83333333333333,6,10,5,36,0.187312437698711,0.00367943110177293,0.00445852434495464,0.00184473789995536,1
./glasgow/hardware/boards/glasgow/io_buffer.kicad_sch,./glasgow/hardware/boards/glasgow/io_buffer.kicad_sch_kicad_netlist.xml,./glasgow/hardware/boards/glasgow/io_buffer.kicad_sch_group_netlist.xml,./glasgow/hardware/boards/glasgow/io_buffer.kicad_sch_spreadsheet.csv,./glasgow/hardware/boards/glasgow/io_buffer.kicad_sch_code.h,127,21,68,64,7.28571428571429,7,29,5,52,0.183819450199371,0.00360562220448628,0.00426869214861654,0.0019558958534617,1
./glasgow/hardware/boards/glasgow/glasgow.kicad_sch,./glasgow/hardware/boards/glasgow/glasgow.kicad_sch_kicad_netlist.xml,./glasgow/hardware/boards/glasgow/glasgow.kicad_sch_group_netlist.xml,./glasgow/hardware/boards/glasgow/glasgow.kicad_sch_spreadsheet.csv,./glasgow/hardware/boards/glasgow/glasgow.kicad_sch_code.h,170,28,257,251,7.75,24,102,10,187,0.301903514045989,0.0125166663026903,0.0291857397009153,0.00567905105417594,1
./tokay-lite-pcb/ai-camera-rev3/ai-camera-rev3.kicad_sch,./tokay-lite-pcb/ai-camera-rev3/ai-camera-rev3.kicad_sch_kicad_netlist.xml,./tokay-lite-pcb/ai-camera-rev3/ai-camera-rev3.kicad_sch_group_netlist.xml,./tokay-lite-pcb/ai-camera-rev3/ai-camera-rev3.kicad_sch_spreadsheet.csv,./tokay-lite-pcb/ai-camera-rev3/ai-camera-rev3.kicad_sch_code.h,299,50,176,97,8.375,8,34,9,68,0.222373713401612,0.00868972060270607,0.00573557320167311,0.00236546919913962,1
./tokay-lite-pcb/ai-camera-rev1/ai-camera.kicad_sch,./tokay-lite-pcb/ai-camera-rev1/ai-camera.kicad_sch_kicad_netlist.xml,./tokay-lite-pcb/ai-camera-rev1/ai-camera.kicad_sch_group_netlist.xml,./tokay-lite-pcb/ai-camera-rev1/ai-camera.kicad_sch_spreadsheet.csv,./tokay-lite-pcb/ai-camera-rev1/ai-camera.kicad_sch_code.h,297,50,174,97,7.625,8,29,10,62,0.223728331446182,0.00846027269726619,0.00532849284936674,0.00184652320458554,1
./tokay-lite-pcb/ai-camera-rev2/ai-camera-rev2.kicad_sch,./tokay-lite-pcb/ai-camera-rev2/ai-camera-rev2.kicad_sch_kicad_netlist.xml,./tokay-lite-pcb/ai-camera-rev2/ai-camera-rev2.kicad_sch_group_netlist.xml,./tokay-lite-pcb/ai-camera-rev2/ai-camera-rev2.kicad_sch_spreadsheet.csv,./tokay-lite-pcb/ai-camera-rev2/ai-camera-rev2.kicad_sch_code.h,299,50,176,97,8,7,25,6,57,0.229711469548056,0.00812657020287588,0.00515735734952614,0.00175840705051087,1
./tokay-lite-pcb/ai-camera-rev3.1/ai-camera-rev3.1.kicad_sch,./tokay-lite-pcb/ai-camera-rev3.1/ai-camera-rev3.1.kicad_sch_kicad_netlist.xml,./tokay-lite-pcb/ai-camera-rev3.1/ai-camera-rev3.1.kicad_sch_group_netlist.xml,./tokay-lite-pcb/ai-camera-rev3.1/ai-camera-rev3.1.kicad_sch_spreadsheet.csv,./tokay-lite-pcb/ai-camera-rev3.1/ai-camera-rev3.1.kicad_sch_code.h,298,50,176,97,7.75,8,33,11,63,0.226093623548513,0.00807455974863842,0.00490292424801737,0.00192637710133567,1
./tokay-lite-pcb/ai-camera-rev3.2/ai-camera-rev3.2.kicad_sch,./tokay-lite-pcb/ai-camera-rev3.2/ai-camera-rev3.2.kicad_sch_kicad_netlist.xml,./tokay-lite-pcb/ai-camera-rev3.2/ai-camera-rev3.2.kicad_sch_group_netlist.xml,./tokay-lite-pcb/ai-camera-rev3.2/ai-camera-rev3.2.kicad_sch_spreadsheet.csv,./tokay-lite-pcb/ai-camera-rev3.2/ai-camera-rev3.2.kicad_sch_code.h,298,50,176,97,15,8,60,19,121,0.228314593149116,0.00981701449491084,0.0133486571488902,0.00322702385019511,1
./Bad-Thing-of-the-Edge-keyboard/Hardware/Panel-board/panel.kicad_sch,./Bad-Thing-of-the-Edge-keyboard/Hardware/Panel-board/panel.kicad_sch_kicad_netlist.xml,./Bad-Thing-of-the-Edge-keyboard/Hardware/Panel-board/panel.kicad_sch_group_netlist.xml,./Bad-Thing-of-the-Edge-keyboard/Hardware/Panel-board/panel.kicad_sch_spreadsheet.csv,./Bad-Thing-of-the-Edge-keyboard/Hardware/Panel-board/panel.kicad_sch_code.h,8,1,6,1,1,1,1,0,2,0.15288945735083,0.000592696398962289,0.00226534840185195,0.000523864349815995,1
./Bad-Thing-of-the-Edge-keyboard/Hardware/Main-board/Bad Thing of the Edge Keyboard.kicad_sch,./Bad-Thing-of-the-Edge-keyboard/Hardware/Main-board/Bad Thing of the Edge Keyboard.kicad_sch_kicad_netlist.xml,./Bad-Thing-of-the-Edge-keyboard/Hardware/Main-board/Bad Thing of the Edge Keyboard.kicad_sch_group_netlist.xml,./Bad-Thing-of-the-Edge-keyboard/Hardware/Main-board/Bad Thing of the Edge Keyboard.kicad_sch_spreadsheet.csv,./Bad-Thing-of-the-Edge-keyboard/Hardware/Main-board/Bad Thing of the Edge Keyboard.kicad_sch_code.h,65,11,59,55,3.33333333333333,6,12,3,21,0.167071508103982,0.00218654099735431,0.00299350699642673,0.0011169773992151,1
./TFGPS01/hw/sch_pcb/TFGPS01.kicad_sch,./TFGPS01/hw/sch_pcb/TFGPS01.kicad_sch_kicad_netlist.xml,./TFGPS01/hw/sch_pcb/TFGPS01.kicad_sch_group_netlist.xml,./TFGPS01/hw/sch_pcb/TFGPS01.kicad_sch_spreadsheet.csv,./TFGPS01/hw/sch_pcb/TFGPS01.kicad_sch_code.h,126,21,75,67,4.66666666666667,6,17,4,29,0.176248080853838,0.00324070409988053,0.00327010544715449,0.00110514900297858,2
./echo-debug-gen3/Echo.kicad_sch,./echo-debug-gen3/Echo.kicad_sch_kicad_netlist.xml,./echo-debug-gen3/Echo.kicad_sch_group_netlist.xml,./echo-debug-gen3/Echo.kicad_sch_spreadsheet.csv,./echo-debug-gen3/Echo.kicad_sch_code.h,22,3,10,9,1,1,1,0,2,0.153835425100988,0.00064739395165816,0.00236572949797846,0.000489796249894425,2
./Driverino-Shield/PCB/Driverino-Shield.kicad_sch,./Driverino-Shield/PCB/Driverino-Shield.kicad_sch_kicad_netlist.xml,./Driverino-Shield/PCB/Driverino-Shield.kicad_sch_group_netlist.xml,./Driverino-Shield/PCB/Driverino-Shield.kicad_sch_spreadsheet.csv,./Driverino-Shield/PCB/Driverino-Shield.kicad_sch_code.h,89,15,56,65,3.83333333333333,6,16,5,24,0.165436381695326,0.00246147449943237,0.00305078849778511,0.00104087539948523,2
./usbarmory/hardware/mark-two-lan/power.kicad_sch,./usbarmory/hardware/mark-two-lan/power.kicad_sch_kicad_netlist.xml,./usbarmory/hardware/mark-two-lan/power.kicad_sch_group_netlist.xml,./usbarmory/hardware/mark-two-lan/power.kicad_sch_spreadsheet.csv,./usbarmory/hardware/mark-two-lan/power.kicad_sch_code.h,30,5,20,8,1.5,4,4,1,7,0.18186030225479,0.00270946729579009,0.00244624575134367,0.000618884799769148,2
./usbarmory/hardware/mark-two-lan/secure-element.kicad_sch,./usbarmory/hardware/mark-two-lan/secure-element.kicad_sch_kicad_netlist.xml,./usbarmory/hardware/mark-two-lan/secure-element.kicad_sch_group_netlist.xml,./usbarmory/hardware/mark-two-lan/secure-element.kicad_sch_spreadsheet.csv,./usbarmory/hardware/mark-two-lan/secure-element.kicad_sch_code.h,10,1,5,5,2,1,2,0,3,0.153414097952191,0.00061563634662889,0.00239481194876134,0.000526641751639545,2
./usbarmory/hardware/mark-two-lan/boot.kicad_sch,./usbarmory/hardware/mark-two-lan/boot.kicad_sch_kicad_netlist.xml,./usbarmory/hardware/mark-two-lan/boot.kicad_sch_group_netlist.xml,./usbarmory/hardware/mark-two-lan/boot.kicad_sch_spreadsheet.csv,./usbarmory/hardware/mark-two-lan/boot.kicad_sch_code.h,10,1,7,6,4,1,2,2,5,0.156743537198054,0.00110085204942152,0.00236866684863344,0.000558252847986296,2
./usbarmory/hardware/mark-two-lan/armory.kicad_sch,./usbarmory/hardware/mark-two-lan/armory.kicad_sch_kicad_netlist.xml,./usbarmory/hardware/mark-two-lan/armory.kicad_sch_group_netlist.xml,./usbarmory/hardware/mark-two-lan/armory.kicad_sch_spreadsheet.csv,./usbarmory/hardware/mark-two-lan/armory.kicad_sch_code.h,0,0,205,406,2.96551724137931,29,43,10,87,0.353625037445454,0.010515897750156,0.00544183715246618,0.00263930024811998,2
./usbarmory/hardware/mark-two-lan/usb.kicad_sch,./usbarmory/hardware/mark-two-lan/usb.kicad_sch_kicad_netlist.xml,./usbarmory/hardware/mark-two-lan/usb.kicad_sch_group_netlist.xml,./usbarmory/hardware/mark-two-lan/usb.kicad_sch_spreadsheet.csv,./usbarmory/hardware/mark-two-lan/usb.kicad_sch_code.h,37,6,19,14,1.66666666666667,3,4,1,6,0.166692238900578,0.00180534435203299,0.00238127890042961,0.000605592399369925,2
./usbarmory/hardware/mark-two-lan/misc.kicad_sch,./usbarmory/hardware/mark-two-lan/misc.kicad_sch_kicad_netlist.xml,./usbarmory/hardware/mark-two-lan/misc.kicad_sch_group_netlist.xml,./usbarmory/hardware/mark-two-lan/misc.kicad_sch_spreadsheet.csv,./usbarmory/hardware/mark-two-lan/misc.kicad_sch_code.h,19,3,12,11,1,3,2,1,4,0.167812407546444,0.00112735615111887,0.00231563834822737,0.000558304198784754,2
./usbarmory/hardware/mark-two-lan/ethernet.kicad_sch,./usbarmory/hardware/mark-two-lan/ethernet.kicad_sch_kicad_netlist.xml,./usbarmory/hardware/mark-two-lan/ethernet.kicad_sch_group_netlist.xml,./usbarmory/hardware/mark-two-lan/ethernet.kicad_sch_spreadsheet.csv,./usbarmory/hardware/mark-two-lan/ethernet.kicad_sch_code.h,63,10,47,26,5.5,4,11,5,23,0.170312293549068,0.00266302419477142,0.00286122864927165,0.00112233679974452,2
./usbarmory/hardware/mark-two-lan/pmic.kicad_sch,./usbarmory/hardware/mark-two-lan/pmic.kicad_sch_kicad_netlist.xml,./usbarmory/hardware/mark-two-lan/pmic.kicad_sch_group_netlist.xml,./usbarmory/hardware/mark-two-lan/pmic.kicad_sch_spreadsheet.csv,./usbarmory/hardware/mark-two-lan/pmic.kicad_sch_code.h,56,9,31,17,1.6,5,4,3,9,0.161824323300971,0.0017056941986084,0.00249194914940745,0.000732261745724827,2
./usbarmory/hardware/mark-two-lan/ddr.kicad_sch,./usbarmory/hardware/mark-two-lan/ddr.kicad_sch_kicad_netlist.xml,./usbarmory/hardware/mark-two-lan/ddr.kicad_sch_group_netlist.xml,./usbarmory/hardware/mark-two-lan/ddr.kicad_sch_spreadsheet.csv,./usbarmory/hardware/mark-two-lan/ddr.kicad_sch_code.h,38,6,28,56,3,4,5,2,13,0.18971318755066,0.00270969700068235,0.00259147025062703,0.000868269347120077,2
./usbarmory/hardware/mark-two-lan/crystals.kicad_sch,./usbarmory/hardware/mark-two-lan/crystals.kicad_sch_kicad_netlist.xml,./usbarmory/hardware/mark-two-lan/crystals.kicad_sch_group_netlist.xml,./usbarmory/hardware/mark-two-lan/crystals.kicad_sch_spreadsheet.csv,./usbarmory/hardware/mark-two-lan/crystals.kicad_sch_code.h,29,4,22,17,1.5,2,3,0,4,0.169193834351609,0.00131505245226435,0.00233925239881501,0.000690083700465038,2
./usbarmory/hardware/mark-two-lan/emmc.kicad_sch,./usbarmory/hardware/mark-two-lan/emmc.kicad_sch_kicad_netlist.xml,./usbarmory/hardware/mark-two-lan/emmc.kicad_sch_group_netlist.xml,./usbarmory/hardware/mark-two-lan/emmc.kicad_sch_spreadsheet.csv,./usbarmory/hardware/mark-two-lan/emmc.kicad_sch_code.h,28,4,21,16,2,3,5,1,7,0.179662327555707,0.00181724079884589,0.00258167844731361,0.000753734051249921,2
./usbarmory/hardware/mark-two-lan/power-tree.kicad_sch,./usbarmory/hardware/mark-two-lan/power-tree.kicad_sch_kicad_netlist.xml,./usbarmory/hardware/mark-two-lan/power-tree.kicad_sch_group_netlist.xml,./usbarmory/hardware/mark-two-lan/power-tree.kicad_sch_spreadsheet.csv,./usbarmory/hardware/mark-two-lan/power-tree.kicad_sch_code.h,0,0,0,0,,0,0,0,1,0.147771477652714,0.000482226547319442,0.00251177224563435,0.000473717495333403,2
./SmartPrintCoreH7x/SmartPrintCoreH7x/power_control.kicad_sch,./SmartPrintCoreH7x/SmartPrintCoreH7x/power_control.kicad_sch_kicad_netlist.xml,./SmartPrintCoreH7x/SmartPrintCoreH7x/power_control.kicad_sch_group_netlist.xml,./SmartPrintCoreH7x/SmartPrintCoreH7x/power_control.kicad_sch_spreadsheet.csv,./SmartPrintCoreH7x/SmartPrintCoreH7x/power_control.kicad_sch_code.h,77,13,59,29,1.83333333333333,6,9,1,12,0.173248741100542,0.00200297299888916,0.00295695579843596,0.000944068445824087,2
./SmartPrintCoreH7x/SmartPrintCoreH7x/Storage.kicad_sch,./SmartPrintCoreH7x/SmartPrintCoreH7x/Storage.kicad_sch_kicad_netlist.xml,./SmartPrintCoreH7x/SmartPrintCoreH7x/Storage.kicad_sch_group_netlist.xml,./SmartPrintCoreH7x/SmartPrintCoreH7x/Storage.kicad_sch_spreadsheet.csv,./SmartPrintCoreH7x/SmartPrintCoreH7x/Storage.kicad_sch_code.h,19,3,14,16,2,2,4,0,5,0.164382881100755,0.000993272248888388,0.00253784185042605,0.000708260550163686,2
./SmartPrintCoreH7x/SmartPrintCoreH7x/SmartPrintCoreH7x.kicad_sch,./SmartPrintCoreH7x/SmartPrintCoreH7x/SmartPrintCoreH7x.kicad_sch_kicad_netlist.xml,./SmartPrintCoreH7x/SmartPrintCoreH7x/SmartPrintCoreH7x.kicad_sch_group_netlist.xml,./SmartPrintCoreH7x/SmartPrintCoreH7x/SmartPrintCoreH7x.kicad_sch_spreadsheet.csv,./SmartPrintCoreH7x/SmartPrintCoreH7x/SmartPrintCoreH7x.kicad_sch_code.h,84,14,565,416,8.5,34,158,34,290,0.398964673298178,0.0205913554993458,0.0271308576047886,0.00796518645365723,2
./SmartPrintCoreH7x/SmartPrintCoreH7x/power_and_translators.kicad_sch,./SmartPrintCoreH7x/SmartPrintCoreH7x/power_and_translators.kicad_sch_kicad_netlist.xml,./SmartPrintCoreH7x/SmartPrintCoreH7x/power_and_translators.kicad_sch_group_netlist.xml,./SmartPrintCoreH7x/SmartPrintCoreH7x/power_and_translators.kicad_sch_spreadsheet.csv,./SmartPrintCoreH7x/SmartPrintCoreH7x/power_and_translators.kicad_sch_code.h,290,49,206,75,9.5,8,27,11,77,0.219467846752377,0.00712735970155336,0.00867012739763595,0.0024336188507732,2
./SmartPrintCoreH7x/SmartPrintCoreH7x/Ports.kicad_sch,./SmartPrintCoreH7x/SmartPrintCoreH7x/Ports.kicad_sch_kicad_netlist.xml,./SmartPrintCoreH7x/SmartPrintCoreH7x/Ports.kicad_sch_group_netlist.xml,./SmartPrintCoreH7x/SmartPrintCoreH7x/Ports.kicad_sch_spreadsheet.csv,./SmartPrintCoreH7x/SmartPrintCoreH7x/Ports.kicad_sch_code.h,252,42,161,90,8,7,27,9,57,0.203268731397111,0.00536375814699568,0.00499458544654772,0.00220693805022165,2
./SmartPrintCoreH7x/SmartPrintCoreH7x/motors.kicad_sch,./SmartPrintCoreH7x/SmartPrintCoreH7x/motors.kicad_sch_kicad_netlist.xml,./SmartPrintCoreH7x/SmartPrintCoreH7x/motors.kicad_sch_group_netlist.xml,./SmartPrintCoreH7x/SmartPrintCoreH7x/motors.kicad_sch_spreadsheet.csv,./SmartPrintCoreH7x/SmartPrintCoreH7x/motors.kicad_sch_code.h,130,22,75,50,4,6,16,3,25,0.188921086600749,0.00280762354959734,0.00331537025049329,0.00147121914778836,2
./satnogs-comms-hardware/MCU.kicad_sch,./satnogs-comms-hardware/MCU.kicad_sch_kicad_netlist.xml,./satnogs-comms-hardware/MCU.kicad_sch_group_netlist.xml,./satnogs-comms-hardware/MCU.kicad_sch_spreadsheet.csv,./satnogs-comms-hardware/MCU.kicad_sch_code.h,87,14,53,104,3.8,5,12,3,20,0.182142930850387,0.00300922945025377,0.0031141766521614,0.00124013819731772,2
./satnogs-comms-hardware/main_psu.kicad_sch,./satnogs-comms-hardware/main_psu.kicad_sch_kicad_netlist.xml,./satnogs-comms-hardware/main_psu.kicad_sch_group_netlist.xml,./satnogs-comms-hardware/main_psu.kicad_sch_spreadsheet.csv,./satnogs-comms-hardware/main_psu.kicad_sch_code.h,159,27,98,26,4.33333333333333,6,12,3,27,0.180514817201765,0.00359763974556699,0.00347917979815975,0.00130567000014707,2
./satnogs-comms-hardware/CAN.kicad_sch,./satnogs-comms-hardware/CAN.kicad_sch_kicad_netlist.xml,./satnogs-comms-hardware/CAN.kicad_sch_group_netlist.xml,./satnogs-comms-hardware/CAN.kicad_sch_spreadsheet.csv,./satnogs-comms-hardware/CAN.kicad_sch_code.h,12,2,8,12,,0,0,0,1,0.155721955600893,0.000825256400275976,0.00230509390239604,0.000397981249261647,2
./satnogs-comms-hardware/RF.kicad_sch,./satnogs-comms-hardware/RF.kicad_sch_kicad_netlist.xml,./satnogs-comms-hardware/RF.kicad_sch_group_netlist.xml,./satnogs-comms-hardware/RF.kicad_sch_spreadsheet.csv,./satnogs-comms-hardware/RF.kicad_sch_code.h,134,22,312,106,4.42857142857143,28,38,13,125,0.287539632455446,0.0112883601512294,0.0123208434029948,0.00419328684802167,2
./satnogs-comms-hardware/FPGA.kicad_sch,./satnogs-comms-hardware/FPGA.kicad_sch_kicad_netlist.xml,./satnogs-comms-hardware/FPGA.kicad_sch_group_netlist.xml,./satnogs-comms-hardware/FPGA.kicad_sch_spreadsheet.csv,./satnogs-comms-hardware/FPGA.kicad_sch_code.h,53,9,30,64,1.83333333333333,6,6,3,12,0.182825893303379,0.00229890660266392,0.00264638804947026,0.000779382250038907,2
./satnogs-comms-hardware/mixer.kicad_sch,./satnogs-comms-hardware/mixer.kicad_sch_kicad_netlist.xml,./satnogs-comms-hardware/mixer.kicad_sch_group_netlist.xml,./satnogs-comms-hardware/mixer.kicad_sch_spreadsheet.csv,./satnogs-comms-hardware/mixer.kicad_sch_code.h,62,10,41,32,2.2,5,8,3,12,0.167821116250707,0.0019959271478001,0.00267189584556036,0.00107761569670402,2
./satnogs-comms-hardware/sensors.kicad_sch,./satnogs-comms-hardware/sensors.kicad_sch_kicad_netlist.xml,./satnogs-comms-hardware/sensors.kicad_sch_group_netlist.xml,./satnogs-comms-hardware/sensors.kicad_sch_spreadsheet.csv,./satnogs-comms-hardware/sensors.kicad_sch_code.h,27,4,21,12,1.33333333333333,3,3,1,5,0.161484086146811,0.00122967169736512,0.00252832049736753,0.000593969947658479,2
./satnogs-comms-hardware/uhf-frontend.kicad_sch,./satnogs-comms-hardware/uhf-frontend.kicad_sch_kicad_netlist.xml,./satnogs-comms-hardware/uhf-frontend.kicad_sch_group_netlist.xml,./satnogs-comms-hardware/uhf-frontend.kicad_sch_spreadsheet.csv,./satnogs-comms-hardware/uhf-frontend.kicad_sch_code.h,143,24,94,20,5.625,8,16,7,46,0.187724762549624,0.0040951787494123,0.00468184679630213,0.00156514464761131,2
./satnogs-comms-hardware/satnogs-comms.kicad_sch,./satnogs-comms-hardware/satnogs-comms.kicad_sch_kicad_netlist.xml,./satnogs-comms-hardware/satnogs-comms.kicad_sch_group_netlist.xml,./satnogs-comms-hardware/satnogs-comms.kicad_sch_spreadsheet.csv,./satnogs-comms-hardware/satnogs-comms.kicad_sch_code.h,102,17,577,703,6.01818181818182,55,199,27,332,0.469565496098949,0.0263164538017008,0.0269653299532365,0.00976698605227284,2
./satnogs-comms-hardware/sband-frontend.kicad_sch,./satnogs-comms-hardware/sband-frontend.kicad_sch_kicad_netlist.xml,./satnogs-comms-hardware/sband-frontend.kicad_sch_group_netlist.xml,./satnogs-comms-hardware/sband-frontend.kicad_sch_spreadsheet.csv,./satnogs-comms-hardware/sband-frontend.kicad_sch_code.h,144,24,90,20,5.71428571428571,7,9,3,41,0.186736464151181,0.00380419850116596,0.00525171949993819,0.00171772534959018,2
./glasgow/hardware/boards/glasgow/io_buffer.kicad_sch,./glasgow/hardware/boards/glasgow/io_buffer.kicad_sch_kicad_netlist.xml,./glasgow/hardware/boards/glasgow/io_buffer.kicad_sch_group_netlist.xml,./glasgow/hardware/boards/glasgow/io_buffer.kicad_sch_spreadsheet.csv,./glasgow/hardware/boards/glasgow/io_buffer.kicad_sch_code.h,127,21,68,64,11.3333333333333,3,22,3,35,0.185343846847536,0.00340474740369245,0.00362393635441549,0.00138976789894514,2
./glasgow/hardware/boards/glasgow/glasgow.kicad_sch,./glasgow/hardware/boards/glasgow/glasgow.kicad_sch_kicad_netlist.xml,./glasgow/hardware/boards/glasgow/glasgow.kicad_sch_group_netlist.xml,./glasgow/hardware/boards/glasgow/glasgow.kicad_sch_spreadsheet.csv,./glasgow/hardware/boards/glasgow/glasgow.kicad_sch_code.h,170,28,257,251,6.6875,16,61,7,108,0.294592721801018,0.00991838515037671,0.00703246524790302,0.00329420949565247,2
./tokay-lite-pcb/ai-camera-rev3/ai-camera-rev3.kicad_sch,./tokay-lite-pcb/ai-camera-rev3/ai-camera-rev3.kicad_sch_kicad_netlist.xml,./tokay-lite-pcb/ai-camera-rev3/ai-camera-rev3.kicad_sch_group_netlist.xml,./tokay-lite-pcb/ai-camera-rev3/ai-camera-rev3.kicad_sch_spreadsheet.csv,./tokay-lite-pcb/ai-camera-rev3/ai-camera-rev3.kicad_sch_code.h,299,50,176,97,17.625,8,61,33,142,0.230154989450239,0.00895721649867482,0.0150808637496084,0.00383785859448835,2
./tokay-lite-pcb/ai-camera-rev1/ai-camera.kicad_sch,./tokay-lite-pcb/ai-camera-rev1/ai-camera.kicad_sch_kicad_netlist.xml,./tokay-lite-pcb/ai-camera-rev1/ai-camera.kicad_sch_group_netlist.xml,./tokay-lite-pcb/ai-camera-rev1/ai-camera.kicad_sch_spreadsheet.csv,./tokay-lite-pcb/ai-camera-rev1/ai-camera.kicad_sch_code.h,297,50,174,97,11.875,8,58,12,96,0.22308542309911,0.00846242800471373,0.00687510025454685,0.00272423725109547,2
./tokay-lite-pcb/ai-camera-rev2/ai-camera-rev2.kicad_sch,./tokay-lite-pcb/ai-camera-rev2/ai-camera-rev2.kicad_sch_kicad_netlist.xml,./tokay-lite-pcb/ai-camera-rev2/ai-camera-rev2.kicad_sch_group_netlist.xml,./tokay-lite-pcb/ai-camera-rev2/ai-camera-rev2.kicad_sch_spreadsheet.csv,./tokay-lite-pcb/ai-camera-rev2/ai-camera-rev2.kicad_sch_code.h,299,50,176,97,8.125,8,35,10,66,0.224313904449809,0.00817363940295763,0.00503855494898744,0.00229204415227287,2
./tokay-lite-pcb/ai-camera-rev3.1/ai-camera-rev3.1.kicad_sch,./tokay-lite-pcb/ai-camera-rev3.1/ai-camera-rev3.1.kicad_sch_kicad_netlist.xml,./tokay-lite-pcb/ai-camera-rev3.1/ai-camera-rev3.1.kicad_sch_group_netlist.xml,./tokay-lite-pcb/ai-camera-rev3.1/ai-camera-rev3.1.kicad_sch_spreadsheet.csv,./tokay-lite-pcb/ai-camera-rev3.1/ai-camera-rev3.1.kicad_sch_code.h,298,50,176,97,8,8,30,13,65,0.22392636250006,0.00812152699800208,0.00471613054978661,0.00229102924931794,2
./tokay-lite-pcb/ai-camera-rev3.2/ai-camera-rev3.2.kicad_sch,./tokay-lite-pcb/ai-camera-rev3.2/ai-camera-rev3.2.kicad_sch_kicad_netlist.xml,./tokay-lite-pcb/ai-camera-rev3.2/ai-camera-rev3.2.kicad_sch_group_netlist.xml,./tokay-lite-pcb/ai-camera-rev3.2/ai-camera-rev3.2.kicad_sch_spreadsheet.csv,./tokay-lite-pcb/ai-camera-rev3.2/ai-camera-rev3.2.kicad_sch_code.h,298,50,176,97,8.375,8,31,10,68,0.233854490099475,0.00844533310155384,0.00560445950250141,0.00217468785122037,2
./Bad-Thing-of-the-Edge-keyboard/Hardware/Panel-board/panel.kicad_sch,./Bad-Thing-of-the-Edge-keyboard/Hardware/Panel-board/panel.kicad_sch_kicad_netlist.xml,./Bad-Thing-of-the-Edge-keyboard/Hardware/Panel-board/panel.kicad_sch_group_netlist.xml,./Bad-Thing-of-the-Edge-keyboard/Hardware/Panel-board/panel.kicad_sch_spreadsheet.csv,./Bad-Thing-of-the-Edge-keyboard/Hardware/Panel-board/panel.kicad_sch_code.h,8,1,6,1,,0,0,0,1,0.152328519150615,0.000757527851965278,0.00206975624896586,0.000551037001423538,2
./Bad-Thing-of-the-Edge-keyboard/Hardware/Main-board/Bad Thing of the Edge Keyboard.kicad_sch,./Bad-Thing-of-the-Edge-keyboard/Hardware/Main-board/Bad Thing of the Edge Keyboard.kicad_sch_kicad_netlist.xml,./Bad-Thing-of-the-Edge-keyboard/Hardware/Main-board/Bad Thing of the Edge Keyboard.kicad_sch_group_netlist.xml,./Bad-Thing-of-the-Edge-keyboard/Hardware/Main-board/Bad Thing of the Edge Keyboard.kicad_sch_spreadsheet.csv,./Bad-Thing-of-the-Edge-keyboard/Hardware/Main-board/Bad Thing of the Edge Keyboard.kicad_sch_code.h,65,11,59,55,2.66666666666667,6,8,3,17,0.164185210352298,0.00239046820206568,0.00269921275321394,0.00102850874536671,2
./TFGPS01/hw/sch_pcb/TFGPS01.kicad_sch,./TFGPS01/hw/sch_pcb/TFGPS01.kicad_sch_kicad_netlist.xml,./TFGPS01/hw/sch_pcb/TFGPS01.kicad_sch_group_netlist.xml,./TFGPS01/hw/sch_pcb/TFGPS01.kicad_sch_spreadsheet.csv,./TFGPS01/hw/sch_pcb/TFGPS01.kicad_sch_code.h,126,21,75,67,4,6,18,2,25,0.172395876003429,0.00369814224541187,0.00336152099771425,0.00156149169779383,3
./echo-debug-gen3/Echo.kicad_sch,./echo-debug-gen3/Echo.kicad_sch_kicad_netlist.xml,./echo-debug-gen3/Echo.kicad_sch_group_netlist.xml,./echo-debug-gen3/Echo.kicad_sch_spreadsheet.csv,./echo-debug-gen3/Echo.kicad_sch_code.h,22,3,10,9,2,1,2,0,3,0.155906931054778,0.00120744199957699,0.00259511244948953,0.000952699448680505,3
./Driverino-Shield/PCB/Driverino-Shield.kicad_sch,./Driverino-Shield/PCB/Driverino-Shield.kicad_sch_kicad_netlist.xml,./Driverino-Shield/PCB/Driverino-Shield.kicad_sch_group_netlist.xml,./Driverino-Shield/PCB/Driverino-Shield.kicad_sch_spreadsheet.csv,./Driverino-Shield/PCB/Driverino-Shield.kicad_sch_code.h,89,15,56,65,4.33333333333333,6,19,4,27,0.166504115849966,0.00349104625056498,0.00316849065129645,0.00176276525016874,3
./usbarmory/hardware/mark-two-lan/power.kicad_sch,./usbarmory/hardware/mark-two-lan/power.kicad_sch_kicad_netlist.xml,./usbarmory/hardware/mark-two-lan/power.kicad_sch_group_netlist.xml,./usbarmory/hardware/mark-two-lan/power.kicad_sch_spreadsheet.csv,./usbarmory/hardware/mark-two-lan/power.kicad_sch_code.h,30,5,20,8,1.33333333333333,3,3,1,5,0.167713457049103,0.00338711719959974,0.00267010729876347,0.000996348599437624,3
./usbarmory/hardware/mark-two-lan/secure-element.kicad_sch,./usbarmory/hardware/mark-two-lan/secure-element.kicad_sch_kicad_netlist.xml,./usbarmory/hardware/mark-two-lan/secure-element.kicad_sch_group_netlist.xml,./usbarmory/hardware/mark-two-lan/secure-element.kicad_sch_spreadsheet.csv,./usbarmory/hardware/mark-two-lan/secure-element.kicad_sch_code.h,10,1,5,5,,0,0,0,1,0.149363657401409,0.0010429852467496,0.00217974114930257,0.000536086800275371,3
./usbarmory/hardware/mark-two-lan/boot.kicad_sch,./usbarmory/hardware/mark-two-lan/boot.kicad_sch_kicad_netlist.xml,./usbarmory/hardware/mark-two-lan/boot.kicad_sch_group_netlist.xml,./usbarmory/hardware/mark-two-lan/boot.kicad_sch_spreadsheet.csv,./usbarmory/hardware/mark-two-lan/boot.kicad_sch_code.h,10,1,7,6,4,1,2,2,5,0.156668789003743,0.00123083319631405,0.00262002865201794,0.000598942354554311,3
./usbarmory/hardware/mark-two-lan/armory.kicad_sch,./usbarmory/hardware/mark-two-lan/armory.kicad_sch_kicad_netlist.xml,./usbarmory/hardware/mark-two-lan/armory.kicad_sch_group_netlist.xml,./usbarmory/hardware/mark-two-lan/armory.kicad_sch_spreadsheet.csv,./usbarmory/hardware/mark-two-lan/armory.kicad_sch_code.h,0,0,205,406,4.65217391304348,23,47,10,108,0.358807805099059,0.0101170700450894,0.0091841347515583,0.00321635224972852,3
./usbarmory/hardware/mark-two-lan/usb.kicad_sch,./usbarmory/hardware/mark-two-lan/usb.kicad_sch_kicad_netlist.xml,./usbarmory/hardware/mark-two-lan/usb.kicad_sch_group_netlist.xml,./usbarmory/hardware/mark-two-lan/usb.kicad_sch_spreadsheet.csv,./usbarmory/hardware/mark-two-lan/usb.kicad_sch_code.h,37,6,19,14,5,1,3,2,6,0.168584813753841,0.00140283810324036,0.00252876204904169,0.000651158951222897,3
./usbarmory/hardware/mark-two-lan/misc.kicad_sch,./usbarmory/hardware/mark-two-lan/misc.kicad_sch_kicad_netlist.xml,./usbarmory/hardware/mark-two-lan/misc.kicad_sch_group_netlist.xml,./usbarmory/hardware/mark-two-lan/misc.kicad_sch_spreadsheet.csv,./usbarmory/hardware/mark-two-lan/misc.kicad_sch_code.h,19,3,12,11,1.33333333333333,3,3,1,5,0.167083312600153,0.00178816425031982,0.00248226195108146,0.000612617802107707,3
./usbarmory/hardware/mark-two-lan/ethernet.kicad_sch,./usbarmory/hardware/mark-two-lan/ethernet.kicad_sch_kicad_netlist.xml,./usbarmory/hardware/mark-two-lan/ethernet.kicad_sch_group_netlist.xml,./usbarmory/hardware/mark-two-lan/ethernet.kicad_sch_spreadsheet.csv,./usbarmory/hardware/mark-two-lan/ethernet.kicad_sch_code.h,63,10,47,26,3.75,4,9,3,16,0.188170029554749,0.00248763970448636,0.00271591909695417,0.000935393100371584,3
./usbarmory/hardware/mark-two-lan/pmic.kicad_sch,./usbarmory/hardware/mark-two-lan/pmic.kicad_sch_kicad_netlist.xml,./usbarmory/hardware/mark-two-lan/pmic.kicad_sch_group_netlist.xml,./usbarmory/hardware/mark-two-lan/pmic.kicad_sch_spreadsheet.csv,./usbarmory/hardware/mark-two-lan/pmic.kicad_sch_code.h,56,9,31,17,9.75,4,17,5,40,0.176746683695819,0.00201187325292267,0.00432101030019112,0.00137549439677969,3
./usbarmory/hardware/mark-two-lan/ddr.kicad_sch,./usbarmory/hardware/mark-two-lan/ddr.kicad_sch_kicad_netlist.xml,./usbarmory/hardware/mark-two-lan/ddr.kicad_sch_group_netlist.xml,./usbarmory/hardware/mark-two-lan/ddr.kicad_sch_spreadsheet.csv,./usbarmory/hardware/mark-two-lan/ddr.kicad_sch_code.h,38,6,28,56,3.33333333333333,3,4,3,11,0.19242607044871,0.00189574745018035,0.00272319900104776,0.000803105550585315,3
./usbarmory/hardware/mark-two-lan/crystals.kicad_sch,./usbarmory/hardware/mark-two-lan/crystals.kicad_sch_kicad_netlist.xml,./usbarmory/hardware/mark-two-lan/crystals.kicad_sch_group_netlist.xml,./usbarmory/hardware/mark-two-lan/crystals.kicad_sch_spreadsheet.csv,./usbarmory/hardware/mark-two-lan/crystals.kicad_sch_code.h,29,4,22,17,0.666666666666667,3,2,0,3,0.18015871780226,0.00219621765427291,0.00255160230444744,0.000616399600403383,3
./usbarmory/hardware/mark-two-lan/emmc.kicad_sch,./usbarmory/hardware/mark-two-lan/emmc.kicad_sch_kicad_netlist.xml,./usbarmory/hardware/mark-two-lan/emmc.kicad_sch_group_netlist.xml,./usbarmory/hardware/mark-two-lan/emmc.kicad_sch_spreadsheet.csv,./usbarmory/hardware/mark-two-lan/emmc.kicad_sch_code.h,28,4,21,16,2,3,5,1,7,0.191172361903591,0.00157141580129974,0.00262590819620527,0.000746087200241163,3
./usbarmory/hardware/mark-two-lan/power-tree.kicad_sch,./usbarmory/hardware/mark-two-lan/power-tree.kicad_sch_kicad_netlist.xml,./usbarmory/hardware/mark-two-lan/power-tree.kicad_sch_group_netlist.xml,./usbarmory/hardware/mark-two-lan/power-tree.kicad_sch_spreadsheet.csv,./usbarmory/hardware/mark-two-lan/power-tree.kicad_sch_code.h,0,0,0,0,,0,0,0,1,0.159329426649492,0.000303928198991343,0.00221197284990922,0.000510793848661706,3
./SmartPrintCoreH7x/SmartPrintCoreH7x/power_control.kicad_sch,./SmartPrintCoreH7x/SmartPrintCoreH7x/power_control.kicad_sch_kicad_netlist.xml,./SmartPrintCoreH7x/SmartPrintCoreH7x/power_control.kicad_sch_group_netlist.xml,./SmartPrintCoreH7x/SmartPrintCoreH7x/power_control.kicad_sch_spreadsheet.csv,./SmartPrintCoreH7x/SmartPrintCoreH7x/power_control.kicad_sch_code.h,77,13,59,29,3.4,5,12,3,18,0.176095665298635,0.002247950254241,0.00296085159643553,0.00100929524633102,3
./SmartPrintCoreH7x/SmartPrintCoreH7x/Storage.kicad_sch,./SmartPrintCoreH7x/SmartPrintCoreH7x/Storage.kicad_sch_kicad_netlist.xml,./SmartPrintCoreH7x/SmartPrintCoreH7x/Storage.kicad_sch_group_netlist.xml,./SmartPrintCoreH7x/SmartPrintCoreH7x/Storage.kicad_sch_spreadsheet.csv,./SmartPrintCoreH7x/SmartPrintCoreH7x/Storage.kicad_sch_code.h,19,3,14,16,2,3,4,2,7,0.156224579905393,0.00103973554796539,0.0025285001960583,0.000697375752497464,3
./SmartPrintCoreH7x/SmartPrintCoreH7x/SmartPrintCoreH7x.kicad_sch,./SmartPrintCoreH7x/SmartPrintCoreH7x/SmartPrintCoreH7x.kicad_sch_kicad_netlist.xml,./SmartPrintCoreH7x/SmartPrintCoreH7x/SmartPrintCoreH7x.kicad_sch_group_netlist.xml,./SmartPrintCoreH7x/SmartPrintCoreH7x/SmartPrintCoreH7x.kicad_sch_spreadsheet.csv,./SmartPrintCoreH7x/SmartPrintCoreH7x/SmartPrintCoreH7x.kicad_sch_code.h,84,14,565,416,6.52631578947368,38,140,25,249,0.424108387599699,0.0213585379999131,0.0168268751003779,0.00648880425142124,3
./SmartPrintCoreH7x/SmartPrintCoreH7x/power_and_translators.kicad_sch,./SmartPrintCoreH7x/SmartPrintCoreH7x/power_and_translators.kicad_sch_kicad_netlist.xml,./SmartPrintCoreH7x/SmartPrintCoreH7x/power_and_translators.kicad_sch_group_netlist.xml,./SmartPrintCoreH7x/SmartPrintCoreH7x/power_and_translators.kicad_sch_spreadsheet.csv,./SmartPrintCoreH7x/SmartPrintCoreH7x/power_and_translators.kicad_sch_code.h,290,49,206,75,7.25,8,23,8,59,0.224307064100867,0.00724656659876928,0.00569756359909661,0.0016967237519566,3
./SmartPrintCoreH7x/SmartPrintCoreH7x/Ports.kicad_sch,./SmartPrintCoreH7x/SmartPrintCoreH7x/Ports.kicad_sch_kicad_netlist.xml,./SmartPrintCoreH7x/SmartPrintCoreH7x/Ports.kicad_sch_group_netlist.xml,./SmartPrintCoreH7x/SmartPrintCoreH7x/Ports.kicad_sch_spreadsheet.csv,./SmartPrintCoreH7x/SmartPrintCoreH7x/Ports.kicad_sch_code.h,252,42,161,90,5.125,8,23,5,42,0.205635641451227,0.0055243665992748,0.00376415245118551,0.00140064244624227,3
./SmartPrintCoreH7x/SmartPrintCoreH7x/motors.kicad_sch,./SmartPrintCoreH7x/SmartPrintCoreH7x/motors.kicad_sch_kicad_netlist.xml,./SmartPrintCoreH7x/SmartPrintCoreH7x/motors.kicad_sch_group_netlist.xml,./SmartPrintCoreH7x/SmartPrintCoreH7x/motors.kicad_sch_spreadsheet.csv,./SmartPrintCoreH7x/SmartPrintCoreH7x/motors.kicad_sch_code.h,130,22,75,50,3.83333333333333,6,12,3,24,0.197440177749377,0.00293779639760032,0.003044967999449,0.00104067114880309,3
./satnogs-comms-hardware/MCU.kicad_sch,./satnogs-comms-hardware/MCU.kicad_sch_kicad_netlist.xml,./satnogs-comms-hardware/MCU.kicad_sch_group_netlist.xml,./satnogs-comms-hardware/MCU.kicad_sch_spreadsheet.csv,./satnogs-comms-hardware/MCU.kicad_sch_code.h,87,14,53,104,5.66666666666667,6,28,3,35,0.196303603198612,0.00375555279897526,0.00345375605393201,0.00117682050331496,3
./satnogs-comms-hardware/main_psu.kicad_sch,./satnogs-comms-hardware/main_psu.kicad_sch_kicad_netlist.xml,./satnogs-comms-hardware/main_psu.kicad_sch_group_netlist.xml,./satnogs-comms-hardware/main_psu.kicad_sch_spreadsheet.csv,./satnogs-comms-hardware/main_psu.kicad_sch_code.h,159,27,98,26,4.71428571428571,7,17,7,34,0.195223439403344,0.00379501974675804,0.00341487454716116,0.00115034005139023,3
./satnogs-comms-hardware/CAN.kicad_sch,./satnogs-comms-hardware/CAN.kicad_sch_kicad_netlist.xml,./satnogs-comms-hardware/CAN.kicad_sch_group_netlist.xml,./satnogs-comms-hardware/CAN.kicad_sch_spreadsheet.csv,./satnogs-comms-hardware/CAN.kicad_sch_code.h,12,2,8,12,2,1,2,0,3,0.160524505149806,0.000696218147641048,0.00239209230057895,0.00047220085398294,3
./satnogs-comms-hardware/RF.kicad_sch,./satnogs-comms-hardware/RF.kicad_sch_kicad_netlist.xml,./satnogs-comms-hardware/RF.kicad_sch_group_netlist.xml,./satnogs-comms-hardware/RF.kicad_sch_spreadsheet.csv,./satnogs-comms-hardware/RF.kicad_sch_code.h,134,22,312,106,5.78571428571429,28,40,15,163,0.295806265249848,0.013727847347036,0.030221682402771,0.00610849490039982,3
./satnogs-comms-hardware/FPGA.kicad_sch,./satnogs-comms-hardware/FPGA.kicad_sch_kicad_netlist.xml,./satnogs-comms-hardware/FPGA.kicad_sch_group_netlist.xml,./satnogs-comms-hardware/FPGA.kicad_sch_spreadsheet.csv,./satnogs-comms-hardware/FPGA.kicad_sch_code.h,53,9,30,64,2.66666666666667,3,8,0,9,0.189529387297807,0.0019739383016713,0.00287216255092062,0.000716172897955403,3
./satnogs-comms-hardware/mixer.kicad_sch,./satnogs-comms-hardware/mixer.kicad_sch_kicad_netlist.xml,./satnogs-comms-hardware/mixer.kicad_sch_group_netlist.xml,./satnogs-comms-hardware/mixer.kicad_sch_spreadsheet.csv,./satnogs-comms-hardware/mixer.kicad_sch_code.h,62,10,41,32,3.16666666666667,6,14,2,20,0.177618789451662,0.00203866384690627,0.0032975243520923,0.00101297625224106,3
./satnogs-comms-hardware/sensors.kicad_sch,./satnogs-comms-hardware/sensors.kicad_sch_kicad_netlist.xml,./satnogs-comms-hardware/sensors.kicad_sch_group_netlist.xml,./satnogs-comms-hardware/sensors.kicad_sch_spreadsheet.csv,./satnogs-comms-hardware/sensors.kicad_sch_code.h,27,4,21,12,1.33333333333333,3,3,1,5,0.164963973901467,0.00108856415026821,0.00298575945198536,0.000696461152983829,3
./satnogs-comms-hardware/uhf-frontend.kicad_sch,./satnogs-comms-hardware/uhf-frontend.kicad_sch_kicad_netlist.xml,./satnogs-comms-hardware/uhf-frontend.kicad_sch_group_netlist.xml,./satnogs-comms-hardware/uhf-frontend.kicad_sch_spreadsheet.csv,./satnogs-comms-hardware/uhf-frontend.kicad_sch_code.h,143,24,94,20,9.85714285714286,7,10,8,70,0.19634955819929,0.00443369600106962,0.0149539219506551,0.00247768079861999,3
./satnogs-comms-hardware/satnogs-comms.kicad_sch,./satnogs-comms-hardware/satnogs-comms.kicad_sch_kicad_netlist.xml,./satnogs-comms-hardware/satnogs-comms.kicad_sch_group_netlist.xml,./satnogs-comms-hardware/satnogs-comms.kicad_sch_spreadsheet.csv,./satnogs-comms-hardware/satnogs-comms.kicad_sch_code.h,102,17,577,703,6.42592592592593,54,180,32,348,0.525643726950511,0.0290395132964477,0.0593916848010849,0.0118728575005662,3
./satnogs-comms-hardware/sband-frontend.kicad_sch,./satnogs-comms-hardware/sband-frontend.kicad_sch_kicad_netlist.xml,./satnogs-comms-hardware/sband-frontend.kicad_sch_group_netlist.xml,./satnogs-comms-hardware/sband-frontend.kicad_sch_spreadsheet.csv,./satnogs-comms-hardware/sband-frontend.kicad_sch_code.h,144,24,90,20,6,7,10,4,43,0.202834315999644,0.00402130265138112,0.00539066190249287,0.00161643004976213,3
./glasgow/hardware/boards/glasgow/io_buffer.kicad_sch,./glasgow/hardware/boards/glasgow/io_buffer.kicad_sch_kicad_netlist.xml,./glasgow/hardware/boards/glasgow/io_buffer.kicad_sch_group_netlist.xml,./glasgow/hardware/boards/glasgow/io_buffer.kicad_sch_spreadsheet.csv,./glasgow/hardware/boards/glasgow/io_buffer.kicad_sch_code.h,127,21,68,64,12.4,5,34,11,63,0.187985977099743,0.0038759614515584,0.00580714310053736,0.00199398490367457,3
./glasgow/hardware/boards/glasgow/glasgow.kicad_sch,./glasgow/hardware/boards/glasgow/glasgow.kicad_sch_kicad_netlist.xml,./glasgow/hardware/boards/glasgow/glasgow.kicad_sch_group_netlist.xml,./glasgow/hardware/boards/glasgow/glasgow.kicad_sch_spreadsheet.csv,./glasgow/hardware/boards/glasgow/glasgow.kicad_sch_code.h,170,28,257,251,9.3,20,96,24,187,0.295150718599325,0.0128219111997169,0.0200566201005131,0.00474728574627079,3
./tokay-lite-pcb/ai-camera-rev3/ai-camera-rev3.kicad_sch,./tokay-lite-pcb/ai-camera-rev3/ai-camera-rev3.kicad_sch_kicad_netlist.xml,./tokay-lite-pcb/ai-camera-rev3/ai-camera-rev3.kicad_sch_group_netlist.xml,./tokay-lite-pcb/ai-camera-rev3/ai-camera-rev3.kicad_sch_spreadsheet.csv,./tokay-lite-pcb/ai-camera-rev3/ai-camera-rev3.kicad_sch_code.h,299,50,176,97,8.625,8,31,9,70,0.229166316351621,0.00915984144667164,0.00647855474962853,0.00199840019922704,3
./tokay-lite-pcb/ai-camera-rev1/ai-camera.kicad_sch,./tokay-lite-pcb/ai-camera-rev1/ai-camera.kicad_sch_kicad_netlist.xml,./tokay-lite-pcb/ai-camera-rev1/ai-camera.kicad_sch_group_netlist.xml,./tokay-lite-pcb/ai-camera-rev1/ai-camera.kicad_sch_spreadsheet.csv,./tokay-lite-pcb/ai-camera-rev1/ai-camera.kicad_sch_code.h,297,50,174,97,16,8,65,24,129,0.228532637597527,0.00993442250182852,0.0134760350978468,0.00326398035394959,3
./tokay-lite-pcb/ai-camera-rev2/ai-camera-rev2.kicad_sch,./tokay-lite-pcb/ai-camera-rev2/ai-camera-rev2.kicad_sch_kicad_netlist.xml,./tokay-lite-pcb/ai-camera-rev2/ai-camera-rev2.kicad_sch_group_netlist.xml,./tokay-lite-pcb/ai-camera-rev2/ai-camera-rev2.kicad_sch_spreadsheet.csv,./tokay-lite-pcb/ai-camera-rev2/ai-camera-rev2.kicad_sch_code.h,299,50,176,97,10.375,8,49,12,84,0.238998248049757,0.00897329529980198,0.00678444619989023,0.00220779764931649,3
./tokay-lite-pcb/ai-camera-rev3.1/ai-camera-rev3.1.kicad_sch,./tokay-lite-pcb/ai-camera-rev3.1/ai-camera-rev3.1.kicad_sch_kicad_netlist.xml,./tokay-lite-pcb/ai-camera-rev3.1/ai-camera-rev3.1.kicad_sch_group_netlist.xml,./tokay-lite-pcb/ai-camera-rev3.1/ai-camera-rev3.1.kicad_sch_spreadsheet.csv,./tokay-lite-pcb/ai-camera-rev3.1/ai-camera-rev3.1.kicad_sch_code.h,298,50,176,97,8.85714285714286,7,37,12,63,0.224104132154025,0.00843215024797246,0.00500746024772525,0.00189086354803294,3
./tokay-lite-pcb/ai-camera-rev3.2/ai-camera-rev3.2.kicad_sch,./tokay-lite-pcb/ai-camera-rev3.2/ai-camera-rev3.2.kicad_sch_kicad_netlist.xml,./tokay-lite-pcb/ai-camera-rev3.2/ai-camera-rev3.2.kicad_sch_group_netlist.xml,./tokay-lite-pcb/ai-camera-rev3.2/ai-camera-rev3.2.kicad_sch_spreadsheet.csv,./tokay-lite-pcb/ai-camera-rev3.2/ai-camera-rev3.2.kicad_sch_code.h,298,50,176,97,10.75,8,44,10,87,0.240261868503876,0.00929205510183238,0.00795370214618743,0.0025450365501456,3
./Bad-Thing-of-the-Edge-keyboard/Hardware/Panel-board/panel.kicad_sch,./Bad-Thing-of-the-Edge-keyboard/Hardware/Panel-board/panel.kicad_sch_kicad_netlist.xml,./Bad-Thing-of-the-Edge-keyboard/Hardware/Panel-board/panel.kicad_sch_group_netlist.xml,./Bad-Thing-of-the-Edge-keyboard/Hardware/Panel-board/panel.kicad_sch_spreadsheet.csv,./Bad-Thing-of-the-Edge-keyboard/Hardware/Panel-board/panel.kicad_sch_code.h,8,1,6,1,1,1,1,0,2,0.156307512603235,0.000709867902332917,0.00266646415111609,0.000486178603023291,3
./Bad-Thing-of-the-Edge-keyboard/Hardware/Main-board/Bad Thing of the Edge Keyboard.kicad_sch,./Bad-Thing-of-the-Edge-keyboard/Hardware/Main-board/Bad Thing of the Edge Keyboard.kicad_sch_kicad_netlist.xml,./Bad-Thing-of-the-Edge-keyboard/Hardware/Main-board/Bad Thing of the Edge Keyboard.kicad_sch_group_netlist.xml,./Bad-Thing-of-the-Edge-keyboard/Hardware/Main-board/Bad Thing of the Edge Keyboard.kicad_sch_spreadsheet.csv,./Bad-Thing-of-the-Edge-keyboard/Hardware/Main-board/Bad Thing of the Edge Keyboard.kicad_sch_code.h,65,11,59,55,3,6,13,3,19,0.170232247503009,0.00241026665316895,0.00335583389969543,0.000960200797999278,3
